book_id,title,death_year,extent_bytes,category,matched_keywords
10001,Apocolocyntosis,65,51028,other,
10006,La Fiammetta,1375,94393,other,
1001,"Divine Comedy, Longfellow's Translation, Hell",1321,249181,other,
1002,"Divine Comedy, Longfellow's Translation, Purgatory",1321,249125,other,
1003,"Divine Comedy, Longfellow's Translation, Paradise",1321,249889,other,
1004,"Divine Comedy, Longfellow's Translation, Complete",1321,709097,other,
1005,"Divine Comedy, Cary's Translation, Hell",1321,234536,other,
10056,"Chinese literature : $b Comprising the Analects of Confucius, the Sayings of Mencius, the Shi-King, the Travels of Fâ-Hien, and the Sorrows of Han",-479,531219,other,
1006,"Divine Comedy, Cary's Translation, Purgatory",1321,234785,other,
1007,"Divine Comedy, Cary's Translation, Paradise",1321,227980,other,
1008,"Divine Comedy, Cary's Translation, Complete",1321,912624,other,
10096,The Trojan women of Euripides,-406,128659,other,
10315,"The Persian Literature, Comprising The Shah Nameh, The Rubaiyat, The Divan, and The Gulistan, Volume 1",1122,883863,other,
10430,Trips to the Moon,180,230877,astro,moon
10523,Alcestis,-406,124581,other,
10636,The Travels of Marco Polo — Volume 1,1324,2345917,other,
10657,"""De Bello Gallico"" and Other Commentaries",-43,964595,other,
10661,A Selection from the Discourses of Epictetus with the Encheiridion,135,351932,other,
10672,"Game and Playe of the Chesse
A Verbatim Reprint of the First Edition, 1474",1491,379148,other,
10717,"The Extant Odes of Pindar
Translated with Introduction and Short Notes by Ernest Myers",-446,321034,other,
10827,Discourses on the First Decade of Titus Livius,1527,834454,other,
10828,"Roman History, Books I-III",16,667243,other,
10907,"The History of Rome, Books 09 to 26",16,1305920,other,
11080,"The Orations of Marcus Tullius Cicero, Volume 4",-43,1284333,other,
11533,"Theocritus, translated into English Verse",-260,198842,other,
1169,Agesilaus,-355,102023,other,
1170,Anabasis,-355,558622,other,
1171,The Apology,-355,48059,other,
1172,The Cavalry General,-355,100084,other,
1173,The Economist,-355,235867,other,
1174,Hellenica,-355,759596,other,
1175,Hiero,-355,110511,other,
1176,On Horsemanship,-355,98609,other,
1177,The Memorabilia,-355,420971,other,
1178,The Polity of the Athenians and the Lacedaemonians,-355,136190,other,
1179,On Revenues,-355,75865,other,
1180,"The Sportsman: On Hunting, a Sportsman's Manual, Commonly Called Cynegeticus",-355,155822,other,
1181,The Symposium,-355,152263,other,
12140,Roman Farm Management: The Treatises of Cato and Varro,-149,564239,other,
1232,The Prince,1527,308064,other,
12370,"Bagh O Bahar, or Tales of the Four Darweshes",1325,568191,other,
12410,The Travels of Marco Polo — Volume 2,1324,2421300,other,
12425,"De Orbe Novo, Volume 1 (of 2)
The Eight Decades of Peter Martyr D'Anghera",1526,793485,astro,orb
1251,Le Morte d'Arthur: Volume 1,1471,917658,other,
1252,Le Morte d'Arthur: Volume 2,1471,1047345,other,
12582,"The History of Rome, Books 27 to 36",16,1402081,other,
12753,The Legends of King Arthur and His Knights,1471,529562,other,
12867,The Banquet (Il Convito),1321,486966,other,
13086,The Diwan of Abu'l-Ala,1057,81659,other,
13102,"The Decameron, Volume II",1375,918314,other,
13316,The Theological Tractates and The Consolation of Philosophy,524,665814,other,
13725,Stories from the Odyssey,-650,398698,other,
13726,"Apology, Crito, and Phaedo of Socrates",-348,310715,other,
13885,Echoes from the Sabine Farm,-8,94184,other,
14020,The Works of Horace,-8,485337,other,
14031,"The Colloquies of Erasmus, Volume I.",1536,869759,other,
14033,"Plutarch's Lives, Volume 1 (of 4)",119,1084108,other,
14114,"Plutarch's Lives, Volume 2 (of 4)",119,1160894,other,
14140,"Plutarch's Lives, Volume 3 (of 4)",119,1379635,other,
14268,Historia Calamitatum,1142,184517,other,
14282,A Merry Dialogue Declaringe the Properties of Shrowde Shrews and Honest Wives,1536,92058,other,
14322,"The Electra of Euripides
Translated into English rhyming verse",-406,136789,other,
14328,The Consolation of Philosophy,524,275715,other,
14417,"The Agamemnon of Aeschylus
Translated into English Rhyming Verse with Explanatory Notes",-456,144606,other,
14484,The Seven Plays in English Verse,-406,567051,other,
14500,"Two Dyaloges (c. 1549)
Wrytten in laten by the famous clerke, D. Erasm[us] of Roterodame, one called Polyphemus or the gospeller, the other dysposyng of thynges and names, translated in to Englyshe by Edmonde Becke.",1536,68351,other,
14726,The Elder Eddas of Saemund Sigfusson; and the Younger Eddas of Snorre Sturleson,1133,527261,other,
14746,"A dialoge or communication of two persons
Deuysyd and set forthe in the late[n] tonge, by the noble and famose clarke. Desiderius Erasmus intituled [the] pylgremage of pure deuotyon. Newly tra[n]slatyd into Englishe.",1536,101434,other,
14945,Cato Maior de Senectute with Introduction and Notes,-43,353858,other,
1497,The Republic,-348,1244214,other,
14970,Academica,-43,641598,other,
14988,"Cicero's Tusculan Disputations
Also, Treatises On The Nature Of The Gods, And On The Commonwealth",-43,1069489,natphil,nature
150,The Republic,-348,715588,other,
15017,"A Dialogue Concerning Oratory, or the Causes of Corrupt Eloquence
The Works of Cornelius Tacitus, Volume 8 (of 8); With an Essay on His Life and Genius, Notes, Supplements",117,439668,other,
15081,"The Tragedies of Euripides, Volume I.",-406,896236,other,
1571,Critias,-348,75831,other,
1572,Timaeus,-348,475731,astro,cosmology
15772,"Machiavelli, Volume I",1527,779707,other,
1579,Lysis,-348,87920,other,
1580,Charmides,-348,143860,other,
1584,Laches,-348,87824,other,
15877,Thoughts of Marcus Aurelius Antoninus,180,451756,other,
1591,Protagoras,-348,176244,other,
1598,Euthydemus,-348,136722,other,
1600,Symposium,-348,201016,other,
1616,Cratylus,-348,326492,other,
16246,A Very Pleasaunt & Fruitful Diologe Called the Epicure,1536,89077,other,
1635,Ion,-348,56054,other,
1636,Phaedrus,-348,235404,other,
1642,Euthyphro,-348,71350,other,
1643,Meno,-348,145498,other,
16452,"The Iliad of Homer
Translated into English Blank Verse by William Cowper",-650,1052055,other,
1653,The Imitation of Christ,1471,374998,other,
1656,Apology,-348,107813,other,
16564,"Amphitryo, Asinaria, Aulularia, Bacchides, Captivi
Amphitryon, The Comedy of Asses, The Pot of Gold, The Two
Bacchises, The Captives",-184,841660,other,
1657,Crito,-348,56164,other,
1658,Phaedo,-348,257145,other,
1672,Gorgias,-348,355879,other,
16759,The Chronicle of the Canons Regular of Mount St. Agnes,1471,330600,other,
1682,Menexenus,-348,77894,other,
16831,"The Improvement of Human Reason
Exhibited in the Life of Hai Ebn Yokdhan",1185,283724,other,
1687,Parmenides,-348,221910,other,
16927,"Tacitus: The Histories, Volumes I and II",117,744408,other,
16990,The Story of Troy,-650,305708,other,
17075,"Dialogue of Comfort Against Tribulation
With Modifications To Obsolete Language By Monica Stevens",1535,581117,other,
1726,Theaetetus,-348,397587,other,
1727,"The Odyssey
Rendered into English prose for the use of those who cannot read the original",-650,717826,other,
1728,The Odyssey of Homer,-650,790930,other,
1735,Sophist,-348,286716,other,
1738,Statesman,-348,253004,other,
1744,Philebus,-348,286940,other,
17490,The Memorable Thoughts of Socrates,-355,335175,other,
1750,Laws,-348,1364463,other,
17611,"Summa Theologica, Part I (Prima Pars)
From the Complete American Edition",1274,2911982,other,
17650,"The Sonnets, Triumphs, and Other Poems of Petrarch",1374,1196089,other,
17897,"Summa Theologica, Part I-II (Pars Prima Secundae)
From the Complete American Edition",1274,2903089,other,
18299,"The Norwegian account of Haco's expedition against Scotland, A.D. MCCLXIII.",1284,95194,other,
18459,Hypnerotomachia: The Strife of Loue in a Dreame,1527,443678,other,
18466,"The Æneid of Virgil, Translated into English Verse",-19,688692,other,
18590,"The Letters of Cassiodorus
Being a Condensed Translation of the Variae Epistolae of Magnus Aurelius Cassiodorus Senator",580,1210146,other,
18755,"Summa Theologica, Part II-II (Secunda Secundae)
Translated by Fathers of the English Dominican Province",1274,4214883,other,
18867,"The Poems and Fragments of Catullus
Translated in the Metres of the Original",-53,191524,other,
18947,"The Younger Edda; Also called Snorre's Edda, or The Prose Edda",1241,407658,other,
19559,Book of illustrations : Ancient Tragedy,-456,261477,other,
19679,Cathay,762,23140,other,
19725,"The History of Rome, Books 01 to 08",16,1392142,other,
1974,The Poetics of Aristotle,-322,108556,other,
19840,Euthyphro,-348,22504,other,
1995,"The Divine Comedy, Volume 1, Hell",1321,290862,other,
19950,"Summa Theologica, Part III (Tertia Pars)
From the Complete American Edition",1274,2757589,other,
1996,"The Divine Comedy, Volume 2, Purgatory",1321,309789,other,
1997,"The Divine Comedy, Volume 3, Paradise",1321,308334,other,
20144,The Fourth Book of Virgil's Aeneid and the Ninth Book of Voltaire's Henriad,-19,100765,other,
20179,"The Ship of Fools, Volume 1",1521,535420,other,
20685,Poetics,-322,22770,other,
20732,The Carmina of Caius Valerius Catullus,-53,430504,other,
2085,Cyropaedia: The Education of Cyrus,-355,668048,other,
2090,Peach Blossom Shangri-la: Tao Hua Yuan Ji,427,25486,other,
21152,On Loving God,1153,22904,other,
21200,"The Letters of Cicero, Volume 1
The Whole Extant Correspodence in Chronological Order",-43,994216,other,
2130,Utopia,1535,261790,other,
2131,An Account of Egypt,-430,224479,other,
21584,The Iliad for Boys and Girls,-650,23713,other,
21765,"The Metamorphoses of Ovid, Books I-VII",17,780013,other,
21920,The Last Poems of Ovid,17,705161,other,
2199,The Iliad,-650,928999,other,
22003,The First Four Books of Xenophon's Anabasis,-355,378117,other,
22053,"Stories of King Arthur and His Knights
Retold from Malory's ""Morte dArthur""",1471,392624,other,
22093,The sagas of Olaf Tryggvason and of Harald the Tyrant (Harald Haardraade),1241,412280,other,
22295,On prayer and the contemplative life,1274,451300,other,
22382,The Iliad,-650,1112929,other,
22456,The Aeneid of Virgil,-19,587099,other,
22535,"Rubáiyát of Omar Khayyám, and Salámán and Absál
Together with a Life of Edward Fitzgerald and an Essay on Persian Poetry by Ralph Waldo Emerson",1122,155530,other,
22789,On the Duties of the Clergy,397,25328,other,
228,The Aeneid,-19,746802,other,
230,The Bucolics and Eclogues,-19,68420,other,
23082,The Consolation of Philosophy,524,25446,other,
232,The Georgics,-19,145331,other,
23639,Plutarch's Morals,119,956648,other,
23700,The Decameron of Giovanni Boccaccio,1375,1750464,other,
23720,To Lesbia,-53,23683,other,
23722,The Canterbury Tales,1400,25284,other,
2383,"The Canterbury Tales, and Other Poems",1400,1729309,other,
24055,The Sayings of Confucius,-479,196046,other,
2412,The Categories,-322,103415,other,
24269,The Odyssey of Homer,-650,822189,other,
2456,The History of Herodotus — Volume 2,-430,856338,other,
246,The Rubaiyat of Omar Khayyam,1122,90423,other,
2464,"History of Florence and of the Affairs of Italy
From the Earliest Times to the Death of Lorenzo the Magnificent",1527,974569,other,
2484,"The Boys' and Girls' Plutarch
Being Parts of the ""Lives"" of Plutarch, Edited for Boys and Girls",119,846881,other,
24856,"Odysseus, the Hero of Ithaca
Adapted from the Third Book of the Primary Schools of Athens, Greece",-650,287053,other,
24890,"The prophete Ionas with an introduccion
before teachinge to vnderstonde him and the right vse also of all the scripture/ and why it was written/ and what is therin to be sought/ and shewenge wherewith the scripture is locked vpp that he which readeth it/ can not vnderstonde it/ though he studie therin neuer so moch: and agayne with what keyes it is so opened/ that the reader can be stopped out with no sotilte or false doctrine of man/ from the true sense and vnderstondynge therof.",1536,72610,other,
2562,The Clouds,-388,115879,other,
257,Troilus and Criseyde,1400,521436,other,
2571,Peace,-388,113083,other,
25761,St. Bernard of Clairvaux's Life of St. Malachy of Armagh,1153,532203,other,
25856,The Form of Perfect Living and Other Prose Treatises,1349,202981,other,
26073,"The Metamorphoses of Ovid, Books VIII-XV",17,853862,other,
26095,The Athenian Constitution,-322,164596,other,
26222,The Imitation of Christ,1471,23090,other,
26245,The History of the Peloponnesian War,-395,24674,other,
26253,The Prince,1527,23862,other,
266,"Confessio Amantis; Or, Tales of the Seven Deadly Sins",1408,1159057,other,
2680,Meditations,180,425350,other,
2707,The History of Herodotus — Volume 1,-430,915847,other,
27458,Aeschylus' Prometheus Bound and the Seven Against Thebes,-456,190406,other,
27673,"Oedipus King of Thebes
Translated into English Rhyming Verse with Explanatory Notes",-406,131798,other,
2808,Treatises on Friendship and Old Age,-43,187162,other,
2812,Letters of Marcus Tullius Cicero,-43,253167,other,
28338,The Education of Children,1536,166747,other,
28621,The Metamorphoses of Publius Ovidus Naso in English blank verse Vols. I & II,17,765202,other,
28797,The Odyssey,-650,24263,other,
29068,"An Introductorie for to Lerne to Read, To Pronounce, and to Speke French Trewly",1535,557567,other,
29214,Dialogues in French and English,1491,262577,other,
29247,"The Academic Questions, Treatise De Finibus, and Tusculan Disputations, of M.T. Cicero, With a Sketch of the Greek Philosophers Mentioned by Cicero",-43,1239125,other,
29358,"The Æneids of Virgil, Done into English Verse",-19,687102,other,
29441,The Project Gutenberg Works of Plato: An Index,-348,20641,other,
29459,The Project Gutenberg Works of Xenophon: An Index,-355,20347,other,
29510,"An Essay on the Beautiful, from the Greek of Plotinus",270,73807,other,
29904,Thoughts on Art and Life,1519,293886,other,
2995,Tacitus on Germany,117,87177,other,
3012,The Acharnians,-388,101998,other,
3013,The Birds,-388,145338,other,
30201,"In Praise of Folly
Illustrated with Many Curious Cuts",1536,280107,other,
3052,Complete Works of Plutarch — Volume 3: Essays and Miscellanies,119,1633904,other,
3059,The Iliad,-650,897186,other,
31,Plays of Sophocles: Oedipus the King; Oedipus at Colonus; Antigone,-406,245206,other,
31036,"The Lovers Assistant; Or, New Art of Love",17,117402,other,
3160,The Odyssey,-650,746439,other,
31900,"Historic Tales: The Romance of Reality. Vol. 13 (of 15), King Arthur (1)",1471,539687,other,
3226,Records of Journeys to Venice and the Low Countries,1528,156991,other,
32292,"Historic Tales: The Romance of Reality. Vol. 14 (of 15), King Arthur (2)",1471,521411,other,
32445,The Pain and Sorrow of Evil Marriage,1534,41233,other,
32464,A Supplication for the Beggars,1531,85407,other,
3296,The Confessions of St. Augustine,430,632209,other,
33022,"Villani's Chronicle
Being Selections from the First Nine Books of the Croniche Fiorentine of Giovanni Villani",1348,901011,other,
3330,The Analects of Confucius (from the Chinese Classics),-479,191716,other,
33815,"The Wisdom of Confucius
with Critical and Biographical Sketches",-479,356664,other,
33896,Dante. An essay. To which is added a translation of De Monarchia.,1321,555807,other,
34125,"The Sarva-Darsana-Samgraha
Or, Review of the Different Systems of Hindu Philosophy",1386,682610,other,
34572,The Awakening of the Soul,1185,145867,other,
35170,The Rhesus of Euripides,-406,121994,other,
35171,The Trojan Women of Euripides,-406,138128,other,
35173,The Bacchae of Euripides,-406,133421,other,
35260,"Rubáiyát of Omar Khayyam, Rendered into English Verse",1122,134921,other,
35451,Medea of Euripides,-406,146311,other,
35738,The Chronicle of the Discovery and Conquest of Guinea. Vol. I,1473,482456,other,
35764,The Chronicle of the Discovery and Conquest of Guinea. Vol. II,1473,802171,other,
35977,"Letters of Abelard and Heloise
To which is prefix'd a particular account of their lives, amours, and misfortunes",1142,292560,other,
36462,King Arthur and the Knights of the Round Table,1471,555153,other,
36539,St. Dionysius of Alexandria: Letters and Treatises,265,213706,other,
36737,The Book of the Duke of True Lovers,1430,195832,other,
36924,"The Letters of Amerigo Vespucci, and Other Documents Illustrative of His Career",1506,331659,other,
37103,Of the Just Shaping of Letters,1528,76010,other,
3726,"The Decameron, Volume I",1375,789037,other,
37696,"Arguments of Celsus, Porphyry, and the Emperor Julian, Against the Christians
Also Extracts from Diodorus Siculus, Josephus, and Tacitus, Relating to the Jews, Together with an Appendix",117,185774,other,
378,The White Knight: Tirant Lo Blanc,1468,904379,other,
3794,L. Annaeus Seneca on Benefits,65,476947,other,
38174,Vidyāpati: Bangīya padābali; songs of the love of Rādhā and Krishna,1448,189462,other,
38326,Bede's Ecclesiastical History of England,735,1094636,other,
38334,"The Homilies of the Anglo-Saxon Church
Containing the Sermones Catholici, or Homilies of Ælfric, in the Original Anglo-Saxon, with an English Version. Volume I.",1019,1293304,other,
38511,The Sufistic Quatrains of Omar Khayyam,1122,545691,other,
38580,True Heart/Mind,606,31720,other,
39038,"One dialogue, or Colloquye of Erasmus (entituled Diuersoria)
Translated oute of Latten into Englyshe: And Imprinted, to the ende that the Judgement of the Learned maye be hadde before the Translator procede in the reste.",1536,43563,other,
39355,Speeches against Catilina,-43,350817,other,
39487,Erasmus Against War,1536,147400,other,
39855,"The Teaching of Epictetus
Being the 'Encheiridion of Epictetus,' with Selections from the 'Dissertations' and 'Fragments'",135,380715,other,
40227,The love letters of Abelard and Heloise,1142,143408,other,
40341,"King Alfred's Old English Version of St. Augustine's Soliloquies
Turned into Modern English",430,114335,other,
41085,The New Life (La Vita Nuova),1321,163601,other,
41537,The Divine Comedy of Dante Alighieri: The Inferno,1321,715585,other,
41935,The Adventures of Ulysses the Wanderer,-650,152276,other,
42083,"Chaucer's Translation of Boethius's ""De Consolatione Philosophiae""",524,1147177,other,
42930,"Plotinos: Complete Works, v. 1
In Chronological Order, Grouped in Four Periods",270,521158,other,
42931,"Plotinos: Complete Works, v. 2
In Chronological Order, Grouped in Four Periods",270,665083,other,
42932,"Plotinos: Complete Works, v. 3
In Chronological Order, Grouped in Four Periods",270,693891,other,
42933,"Plotinos: Complete Works, v. 4
In Chronological Order, Grouped in Four Periods",270,865793,other,
43016,"Chaucer's Works, Volume 5 — Notes to the Canterbury Tales",1400,1539028,other,
43089,"Chaucer's Works, Volume 1 — Romaunt of the Rose; Minor Poems",1400,1529126,other,
43097,"Chaucer's Works, Volume 6 —  Introduction, Glossary, and Indexes",1400,1644250,other,
43274,"The Poet Li Po, A.D. 701-762",762,74258,other,
43319,"The Symbolism of Churches and Church Ornaments
A Translation of the First Book of the Rationale Divinorum Officiorum",1296,672673,other,
43365,"The Buke of the Order of Knyghthood
Translated from the French by Sir Gilbert Hay, Knight",1316,289183,other,
43452,The Master of Game: The Oldest English Book on Hunting,1391,521912,other,
43984,Chaucer for Children: A Golden Key,1400,418015,other,
44024,"The Book of War: The Military Classic of the Far East
The Articles of Suntzu; The Sayings of Wutzu",-381,148716,astro,sun
44292,The Bruce,1395,1169494,other,
44315,"Plutarch's Lives, Volume 4 (of 4)",119,1685272,other,
44318,"The History of Rome, Books 37 to the End
with the Epitomes and Fragments of the Lost Books",16,1729778,other,
44608,The Bābur-nāma in English (Memoirs of Bābur),1530,2786917,other,
44833,"Chaucer's Works, Volume 2 — Boethius and Troilus",1400,1343595,other,
45027,"Chaucer's Works, Volume 3 — The House of Fame; The Legend of Good Women; The Treatise on the Astrolabe; The Sources of the Canterbury Tales",1400,1400311,other,
45109,The Enchiridion,135,91729,other,
45158,The Persian Mystics: Jámí,1492,109000,other,
45159,The Persian Mystics: Jalálu'd-dín Rúmí,1273,126900,other,
45304,"The City of God, Volume I",430,1357489,other,
45305,"The City of God, Volume II",430,1435095,other,
45843,Writings in Connection with the Donatist Controversy,430,1284282,other,
45858,Lucian's True History,180,131540,other,
46058,"Two Tragedies of Seneca: Medea and The Daughters of Troy
Rendered into English Verse",65,161629,other,
46239,"A Modest Meane to Mariage
pleasauntly set foorth by that famous Clarke Erasmus Roterodamus, and translated into Englishe by N.L.",1536,75436,other,
46389,"The Sayings of Confucius
A New Translation of the Greater Part of the Confucian Analects",-479,195650,other,
46853,"Le Morte Darthur
Sir Thomas Malory's Book of King Arthur and his Noble
Knights of the Round Table",1471,2140716,other,
46915,A Treatise on Painting,1519,449020,other,
46976,"The Anabasis of Alexander : $b or, The history of the wars and conquests of Alexander the Great",175,920284,other,
47001,De Officiis,-43,740148,other,
47242,The Works of Lucian of Samosata — Volume 04,180,481660,other,
47297,Parzival: A Knightly Epic (vol. 1 of 2),1219,935082,other,
47298,Parzival: A Knightly Epic (vol. 2 of 2),1219,644378,other,
47676,"The Amores; or, Amours
Literally Translated into English Prose, with Copious Notes",17,331494,other,
47677,"Ars Amatoria; or, The Art Of Love
Literally Translated into English Prose, with Copious Notes",17,239551,other,
47678,"Remedia Amoris; or, The Remedy of Love
Literally Translated into English Prose, with Copious Notes",17,87978,other,
4775,"Theocritus, Bion and Moschus, Rendered into English Prose",-260,325932,other,
47859,Petrarch's Letters to Classical Authors,1374,299576,other,
48664,"The Works of the Emperor Julian, Vol. 1",363,1056245,other,
48768,"The Works of the Emperor Julian, Vol. 2",363,1036193,other,
48776,"Petrarch, the First Modern Scholar and Man of Letters
A Selection from His Correspondence with Boccaccio and Other Friends, Designed to Illustrate the Beginnings of the Renaissance",1374,694917,other,
48870,Early Lives of Charlemagne by Eginhard and the Monk of St Gall edited by Prof. A. J. Grant,840,276081,other,
48895,"The Odysseys of Homer, together with the shorter poems",-650,1024567,other,
49410,"The Works of Garcilasso de la Vega, Surnamed the Prince of Castilian Poets, Translated into English Verse 
With a Critical and Historical Essay on Spanish Poetry and a Life of the Author",1536,561090,other,
49450,"Petrarch's Secret; or, the Soul's Conflict with Passion
Three Dialogues Between Himself and S. Augustine",1374,302890,other,
49917,St John Damascene on Holy Images (πρὸς τοὺς διαβάλλοντας τᾶς ἁγίας εἰκόνας). Followed by Three Sermons on the Assumption (κοίμησις),749,358827,other,
4998,The Notebooks of Leonardo Da Vinci — Volume 1,1519,623238,other,
4999,The Notebooks of Leonardo Da Vinci — Volume 2,1519,825605,other,
5000,The Notebooks of Leonardo Da Vinci — Complete,1519,1433977,natphil,physics
50040,St. Benedict's Rule for Monasteries,547,149107,other,
50155,Cathay,762,43477,other,
50307,Fifteen sonnets of Petrarch,1374,54983,other,
50457,"The Luzumiyat of Abu'l-Ala
Selected from his Luzum ma la Yalzam and Suct us-Zand",1057,89526,other,
50619,"The Sufism of the Rubáiyát, or, the Secret of the Great Paradox",1122,83015,other,
5063,The Iphigenia in Tauris of Euripides,-406,131711,other,
50692,"Cicero: Letters to Atticus, Vol. 2 of 3",-43,722493,other,
50778,"William of Malmesbury's Chronicle of the Kings of England
From the earliest period to the reign of King Stephen",1143,1401353,other,
50839,"The chronicles of Enguerrand de Monstrelet, Vol. 01 [of 13] : $b containing an account of the cruel civil wars between the houses of Orleans and Burgundy, of the possession of Paris and Normandy by the English, their expulsion thence, and of other memorable events that happened in the kingdom of France, as well as in other countries",1453,590367,other,
51002,"Korean folk tales : $b Imps, ghosts and fairies",1498,279091,other,
51099,"Amadis of Gaul, Vol. 2",1403,470558,other,
51355,"The Iliads of Homer
Translated according to the Greek",-650,1012265,other,
51403,"Cicero: Letters to Atticus, Vol. 3 of 3",-43,778296,other,
51732,"The Vision of Dante: A story for little children and a talk to their mothers
(Second Edition)",1321,47363,other,
5218,The Satyricon — Volume 01: Introduction,66,112622,other,
5219,The Satyricon — Volume 02: Dinner of Trimalchio,66,128584,other,
5220,The Satyricon — Volume 03: Encolpius and His Companions,66,66513,other,
5221,The Satyricon — Volume 04 : Escape by Sea,66,102330,other,
5222,The Satyricon — Volume 05: Crotona Affairs,66,78150,other,
5223,The Satyricon — Volume 06: Editor's Notes,66,142347,other,
5224,The Satyricon — Volume 07: Marchena Notes,66,85884,other,
5225,The Satyricon — Complete,66,602140,other,
52607,"The chronicles of Enguerrand de Monstrelet, Vol. 02 [of 13] : $b containing an account of the cruel civil wars between the houses of Orleans and Burgundy, of the possession of Paris and Normandy by the English, their expulsion thence, and of other memorable events that happened in the kingdom of France, as well as in other countries",1453,433785,other,
52617,"The Decameron (Day 1 to Day 5)
Containing an hundred pleasant Novels",1375,1198957,other,
52618,"The Decameron (Day 6 to Day 10)
Containing an hundred pleasant Novels",1375,987836,other,
52889,"The chronicles of Enguerrand de Monstrelet, Vol. 04 [of 13] : $b containing an account of the cruel civil wars between the houses of Orleans and Burgundy, of the possession of Paris and Normandy by the English, their expulsion thence, and of other memorable events that happened in the kingdom of France, as well as in other countries",1453,463751,other,
52911,"The Chronicles of Enguerrand de Monstrelet, Vol. 03 [of 13] : $b containing an account of the cruel civil wars between the houses of Orleans and Burgundy, of the possession of Paris and Normandy by the English, their expulsion thence, and of other memorable events that happened in the kingdom of France, as well as in other countries",1453,433040,other,
52941,"Amadis of Gaul, Vol. 3",1403,441285,other,
53174,Æschylos Tragedies and Fragments,-456,699002,other,
54161,"The republic of Cicero
Translated from the Latin; and Accompanied With a Critical and Historical Introduction.",-43,224580,other,
5419,"The Satires, Epistles, and Art of Poetry of Horace",-8,284546,other,
5432,The Odes and Carmen Saeculare of Horace,-8,214244,other,
54717,Two Dramatizations from Vergil: I. Dido—the Phœnecian Queen; II. The Fall of Troy,-19,131251,other,
55005,"Amadis of Gaul, Vol. 4",1403,403572,other,
55201,The Republic of Plato,-348,1457578,other,
55317,"The Meditations of the Emperor Marcus Aurelius Antoninus
A new rendering based on the Foulis translation of 1742",180,252060,other,
55564,Lustra of Ezra Pound,762,105052,other,
55758,"The Boys' and Girls' Herodotus
Being Parts of the History of Herodotus, Edited for Boys and Girls",-430,675064,other,
56075,"Seneca's Morals of a Happy Life, Benefits, Anger and Clemency",65,638145,other,
5611,The Satyricon of Petronius Arbiter,66,347823,other,
56286,Tudor school-boy life: the dialogues of Juan Luis Vives,1540,447764,other,
57037,The Prince,1527,195732,other,
57068,"The Festival of Spring, from the Díván of Jeláleddín
Rendered in English Gazels after Rückert's Versions, with an Introduction and a Criticism of the Rubáiyát of Omar Khayyám",1273,152702,other,
57457,The Book of Husbandry,1538,495938,other,
57493,"The Natural History of Pliny, Volume 1 (of 6)",79,1437451,other,
57513,"Plutarch's Romane Questions
With dissertations on Italian cults, myths, taboos, man-worship, aryan marriage, sympathetic magic and the eating of beans",119,341478,other,
57869,The Orlando Innamorato,1494,328757,other,
57999,"The Tragedies of Seneca
Translated into English Verse, to Which Have Been Appended Comparative Analyses of the Corresponding Greek and Roman Plays, and a Mythological Index",65,1068087,other,
58083,"The chronicles of Enguerrand de Monstrelet, Vol. 07 [of 13] : $b containing an account of the cruel civil wars between the houses of Orleans and Burgundy, of the possession of Paris and Normandy by the English, their expulsion thence, and of other memorable events that happened in the kingdom of France, as well as in other countries",1453,470379,other,
58186,A Compendium on the Soul,1037,129692,other,
58242,"The Characters of Theophrastus
A Translation, with Introduction",-287,109635,other,
58393,The Mirror of Alchimy,1294,154246,other,
58418,"Cicero: Letters to Atticus, Vol. 1 of 3",-43,800794,other,
58426,The Speeches & Table-Talk of the Prophet Mohammad,632,314463,other,
58567,Plutarch on the Delay of the Divine Justice,119,187302,other,
58589,"The Boys' and Girls' Pliny
Being parts of Pliny's ""Natural History"" edited for boys and girls, with an Introduction",79,686040,natphil,nature
58783,"The Letters of S. Ambrose, Bishop of Milan",397,1355466,other,
58977,The Confessions of Al Ghazzali,1111,103231,other,
59025,Index of the Project Gutenberg Works of Lucius Annaeus Seneca,65,25841,other,
59058,"Aristotle's History of Animals
In Ten Books",-322,794914,other,
59131,"The Natural History of Pliny, Volume 3 (of 6)",79,1404227,natphil,nature
59225,The Lyrical Dramas of Aeschylus Translated into English Verse,-456,959090,other,
59750,Ulysses of Ithaca,-650,243030,other,
59784,Index of the Project Gutenberg Works of Marcus Aurelius Antoninus,180,61310,other,
59786,Index of the Project Gutenberg Works of Cornelius Tacitus,117,30095,other,
598,"Heimskringla; Or, The Chronicle of the Kings of Norway",1241,1748902,other,
59997,"The Poetical Works of John Skelton, Volume 1 (of 2)",1529,881377,other,
59998,"The Poetical Works of John Skelton, Volume 2 (of 2)",1529,1035955,other,
602,Pharsalia; Dramatic Episodes of the Civil Wars,65,506595,other,
60230,"The Natural History of Pliny, Volume 2 (of 6)",79,1551694,natphil,nature
6032,Memoirs or Chronicle of the Fourth Crusade and the Conquest of Constantinople,1212,319012,other,
60377,"The Following of Christ, in Four Books
Translated from the Original Latin of Thomas a Kempis",1471,388429,other,
60567,"The epistle of Othea to Hector; or, The boke of knyghthode",1430,371556,other,
60688,"The Natural History of Pliny, Volume 5 (of 6)",79,1368572,natphil,nature
60704,"The Book of the Lover and the Beloved
Translated from the Catalan of Ramón Lull with an Introductory Essay by E. Allison Peers",1316,153443,other,
60831,"Between Heathenism and Christianity
Being a translation of Seneca's De Providentia, and Plutarch's De sera numinis vindicta, together with notes, additional extracts from these writers and two essays on Graeco-Roman life in the first century after Christ.",65,352845,other,
61112,"A New Light of Alchymie
Taken out of the Fountaine of Nature, and Manuall Experience.  Etc.",1541,549344,natphil,nature
61113,"The Natural History of Pliny, Volume 4 (of 6)",79,1370594,other,
6130,The Iliad,-650,1161415,other,
615,Orlando Furioso,1533,1860975,other,
6150,The Iliad,-650,889311,other,
61596,The Aeneid of Virgil,-19,580701,other,
61614,"The Apostolic Tradition of Hippolytus
Translated into English with Introduction and Notes",235,232823,other,
61724,The Mesnevi,1273,824172,other,
62447,Leaves from St. John Chrysostom,407,543130,other,
626,The Love of Books: The Philobiblon of Richard de Bury,1345,164811,other,
62618,"Selected Essays of Plutarch, Vol. I.",119,609247,other,
62704,"The Natural History of Pliny, Volume 6 (of 6)",79,1579298,natphil,nature
62858,"Selected Essays of Plutarch, Vol. II.",119,760455,other,
6327,The Works of Lucian of Samosata — Volume 01,180,518265,other,
63384,Asser's Life of King Alfred,909,186657,other,
6370,The Story of the Odyssey,-650,263303,other,
63913,"The chronicles of Enguerrand de Monstrelet, Vol. 08 [of 13] : $b containing an account of the cruel civil wars between the houses of Orleans and Burgundy, of the possession of Paris and Normandy by the English, their expulsion thence, and of other memorable events that happened in the kingdom of France, as well as in other countries",1453,505373,other,
64024,Translations from Lucretius,-55,204951,other,
64576,"Minor Dialogues, Together With the Dialogue on Clemency",65,861548,other,
64948,"The chronicles of Enguerrand de Monstrelet, Vol. 06 [of 13] : $b containing an account of the cruel civil wars between the houses of Orleans and Burgundy, of the possession of Paris and Normandy by the English, their expulsion thence, and of other memorable events that happened in the kingdom of France, as well as in other countries",1453,431255,other,
6519,Songs of Kabir,1518,119680,other,
65396,"The chronicles of Enguerrand de Monstrelet, Vol. 10 [of 13] : $b containing an account of the cruel civil wars between the houses of Orleans and Burgundy, of the possession of Paris and Normandy by the English, their expulsion thence, and of other memorable events that happened in the kingdom of France, as well as in other countries",1453,547529,other,
65478,"Philosophumena; or, The refutation of all heresies, Volume I",235,518538,other,
65708,The Philosophy and Theology of Averroes,1198,319291,other,
65721,"The chronicles of Enguerrand de Monstrelet, Vol. 12 [of 13] : $b containing an account of the cruel civil wars between the houses of Orleans and Burgundy, of the possession of Paris and Normandy by the English, their expulsion thence, and of other memorable events that happened in the kingdom of France, as well as in other countries",1453,446913,other,
6585,The Works of Lucian of Samosata — Volume 02,180,548817,other,
65972,"The Plague of Athens, which hapned in the second year of the Peloponnesian Warre
First described in Greek by Thucydides; then in Latin by Lucretius. Now attempted in English",-395,73333,other,
66025,The Lady Poverty: A XIII. Century Allegory,1289,135009,other,
66399,"Virgil & Lucretius
Passages translated by William Stebbing",-55,173504,other,
66585,"The Boy's King Arthur
Sir Thomas Malory's History of King Arthur and His Knights of the Round Table",1471,494129,other,
66595,Monumentum Ancyranum: The Deeds of Augustus,14,254643,other,
67116,"Philosophumena; or, The refutation of all heresies, Volume II",235,527954,other,
674,Plutarch: Lives of the noble Grecians and Romans,119,4324061,other,
6762,Politics: A Treatise on Government,-322,604456,other,
6763,Aristotle on the art of poetry,-322,128656,other,
67799,The Book of the Courtier,1529,1158885,other,
6829,The Works of Lucian of Samosata — Volume 03,180,553319,other,
6878,"The Olynthiacs and the Phillippics of Demosthenes
Literally translated with notes",-322,219480,other,
69199,"A boke made by John Fryth, prysoner in the Tower of London
answerynge unto M. Mores letter, which he wrote agaynst the fyrste lytle treatyse that John Fryth made, concernynge the sacramente of the body and bloude of Christ",1533,296082,other,
6920,Thoughts of Marcus Aurelius,180,350846,other,
6969,The Orations of Lysias,-380,293546,other,
70092,The treatise of Lorenzo Valla on the Donation of Constantine,1457,400781,other,
7015,Buddhist Psalms translated from the Japanese of Shinran Shonin,1263,111749,other,
70258,The last age of the church,1384,96789,other,
70561,"The writings of Origen, Vol. 1 (of 2)",253,1097096,other,
70693,"The writings of Origen, Vol. 2 (of 2)",253,1534433,other,
7073,Specimens of Greek Tragedy — Aeschylus and Sophocles,-456,272052,other,
70998,"The complete works of John Gower, volume 1 : $b The French works",1408,2096183,other,
71142,A translation of Glanville,1190,567152,other,
71162,"The complete works of John Gower, volume 2 : $b The English works",1408,1577780,other,
7142,The History of the Peloponnesian War,-395,1217362,other,
71433,"The complete works of John Gower, volume 3 : $b The English works",1408,1580957,other,
71894,The retreat of the ten thousand,-355,293407,other,
72396,"The complete works of John Gower, volume 4 : $b The Latin works",1408,1124325,other,
7282,The Captivi and the Mostellaria,-184,257725,other,
73140,Some religious and moral teachings of Al-Ghazzali : $b Being brief extracts from his Ihya-u-Ulum-id-din,1111,189981,other,
73160,"The chronicles of Enguerrand de Monstrelet, Vol. 09 [of 13] : $b containing an account of the cruel civil wars between the houses of Orleans and Burgundy, of the possession of Paris and Normandy by the English, their expulsion thence, and of other memorable events that happened in the kingdom of France, as well as in other countries",1453,533081,other,
73189,Poems and translations,1374,52328,other,
73488,The Æneid of Virgil translated into English prose,-19,820559,other,
73584,The guide for the perplexed,1204,1618372,other,
73983,"The chronicles of Enguerrand de Monstrelet, Vol. 05 [of 13] : $b containing an account of the cruel civil wars between the houses of Orleans and Burgundy, of the possession of Paris and Normandy by the English, their expulsion thence, and of other memorable events that happened in the kingdom of France, as well as in other countries",1453,441713,other,
7402,C. Sallusti Crispi De Bello Catilinario Et Jugurthino,-34,503420,other,
7403,Letters of Catherine Benincasa,1380,636832,other,
74231,The story of the Iliad,-650,254155,other,
74253,"The philosophical and mathematical commentaries of Proclus on the first book of Euclid's elements (Vol. 1 of 2) : $b To which are added, A history of the restoration of Platonic theology, by the latter Platonists: And a translation from the Greek of Proclus's Theological elements",485,736110,natphil,elements
74508,The triumph of the cross,1498,409109,other,
74647,"The chronicles of Enguerrand de Monstrelet, Vol. 11 [of 13] : $b containing an account of the cruel civil wars between the houses of Orleans and Burgundy, of the possession of Paris and Normandy by the English, their expulsion thence, and of other memorable events that happened in the kingdom of France, as well as in other countries",1453,521778,other,
749,Barlaam and Ioasaph,749,487607,other,
7490,Dryden's Palamon and Arcite,1400,225846,other,
7491,"De Amicitia, Scipio's Dream",-43,178111,other,
74955,History of the Franks,594,717767,other,
7524,The Germany and the Agricola of Tacitus,117,314063,other,
75292,"Travels to Tana and Persia : $b A narrative of Italian travels in Persia, in the 15th and 16th centuries",1494,866274,other,
75391,"Ocellus Lucanus on the nature of the universe : $b Taurus, the Platonic philosopher, on the eternity of the world. Julius Firmicus Maternus of the thema mundi. Select theorems on the perpetuity of time, by Proclus.",485,177818,astro,astrolog;nature
75878,The book of filial duty,-479,90527,other,
76016,The pillow-book of Sei Shōnagon,1017,202692,other,
76195,"The Mulfuzāt Timūry = $b or, Autobiographical memoirs of the Moghul emperor Timūr",1405,507311,other,
76392,Physical science in the time of Nero : $b being a translation of the Quaestiones naturales of Seneca,65,752561,astro,comet;meteor;meteorology
76464,"The dialogues of Plato in five volumes, Vol. 2 (of 5) : $b Translated into English with analyses and introductions",-348,1319011,other,
7700,Lysistrata,-388,106828,other,
77336,Hecuba and other plays,-406,642172,other,
77359,"Letters of John Huss, written during his exile and imprisonment : $b With Martin Luther's preface; and containing a general view of the works of Huss",1415,343946,other,
77393,"The six books of Proclus, the Platonic successor, on the theology of Plato (vol. 1 of 2) : $b  translated from the Greek, to which a seventh book is added, in order to supply the deficiency of another book on this subject, which was written by Proclus, but since lost, also, a translation from the Greek of Proclus' Elements of theology, to which are added a translation of the treatise of Proclus, On providence and fate, a translation of extracts from his treatise, entitled, Ten doubts concerning providence, and a translation of extracts from his treatise on the subsistence of evil; as preserved in the Bibliotheca Gr. of Fabricus",485,1177087,natphil,elements
77548,The Philoctetes of Sophocles,-406,111056,other,
77576,The writings of the Apostolic Fathers,155,965774,other,
77585,Confessions of St. Augustine,430,119204,other,
77760,Lysistrata : $b A modern paraphrase from the Greek of Aristophanes,-388,147560,other,
77820,Select letters of Christopher Columbus : $b With other original documents relating to his four voyages to the New World,1506,783202,other,
77950,"The memoirs of Philip de Commines, Lord of Argenton, Volume 1 (of 2) : $b Containing the histories of Louis XI. and Charles VIII., Kings of France, and of Charles the Bold, Duke of Burgundy. To which is added the Scandalous chronicle, or, secret history of Louis XI., by Jean de Troyes.",1511,1061305,other,
77951,"The memoirs of Philip de Commines, Lord of Argenton, Volume 2 (of 2) : $b Containing the histories of Louis XI. and Charles VIII. Kings of France, and of Charles the Bold, Duke of Burgundy. To which is added the Scandalous Chronicle, or, secret history of Louis XI., by Jean de Troyes.",1511,1112645,other,
78000,Plutarch's Essays and Miscellanies (Vol. 5 of 5),119,1066354,other,
78013,"Arrian on coursing : $b the Cynegeticus of the younger Xenophon, translated from the Greek, with classical and practical annotations, and a brief sketch of the life and writings of the author. To which is added an appendix, containing some account of the Canes Venatici of classical antiquity",175,771589,other,
785,On the Nature of Things,-55,496604,natphil,nature
7959,"The Reign of Tiberius, Out of the First Six Annals of Tacitus;
With His Account of Germany, and Life of Agricola",117,647012,other,
7990,Conspiracy of Catiline and the Jurgurthine War,-34,585884,other,
7998,The Frogs,-388,107606,other,
806,Philoktetes,-406,94949,other,
8400,Selections from Erasmus: Principally from his Epistles,1536,301398,other,
8418,Hippolytus; The Bacchae,-406,193398,other,
8438,The Ethics of Aristotle,-322,671549,other,
8604,"The House of Atreus; Being the Agamemnon, the Libation bearers, and the Furies",-456,224143,other,
8688,"The Eleven Comedies, Volume 1",-388,544694,other,
8689,"The Eleven Comedies, Volume 2",-388,635182,other,
871,"The Golden Sayings of Epictetus, with the Hymn of Cleanthes",135,152337,other,
8714,Four Plays of Aeschylus,-456,267485,other,
8779,"The Divine Comedy by Dante, Illustrated, Hell, Volume 01",1321,32671,other,
8780,"The Divine Comedy by Dante, Illustrated, Hell, Volume 02",1321,32494,other,
8781,"The Divine Comedy by Dante, Illustrated, Hell, Volume 03",1321,31930,other,
8782,"The Divine Comedy by Dante, Illustrated, Hell, Volume 04",1321,32251,other,
8783,"The Divine Comedy by Dante, Illustrated, Hell, Volume 05",1321,44099,other,
8784,"The Divine Comedy by Dante, Illustrated, Hell, Volume 06",1321,157978,other,
8785,"The Divine Comedy by Dante, Illustrated, Hell, Volume 07",1321,126865,other,
8786,"The Divine Comedy by Dante, Illustrated, Hell, Volume 08",1321,57959,other,
8787,"The Divine Comedy by Dante, Illustrated, Hell, Volume 09",1321,39134,other,
8788,"The Divine Comedy by Dante, Illustrated, Hell, Volume 10",1321,39445,other,
8789,"The vision of hell. 
By Dante Alighieri.
Translated by Rev. Henry Francis Cary, M.A.
and illustrated with the seventy-five designs of Gustave Doré.",1321,234549,other,
8790,"The Divine Comedy by Dante, Illustrated, Purgatory, Volume 1",1321,44453,other,
8791,"The Divine Comedy by Dante, Illustrated, Purgatory, Volume 2",1321,57138,other,
8792,"The Divine Comedy by Dante, Illustrated, Purgatory, Volume 3",1321,71230,other,
8793,"The Divine Comedy by Dante, Illustrated, Purgatory, Volume 4",1321,64828,other,
8794,"The Divine Comedy by Dante, Illustrated, Purgatory, Volume 5",1321,73109,other,
8795,"The Divine Comedy by Dante, Illustrated, Purgatory, Complete",1321,234780,other,
8796,"The Divine Comedy by Dante, Illustrated, Paradise, Volume 1",1321,106790,other,
8797,"The Divine Comedy by Dante, Illustrated, Paradise, Volume 2",1321,63422,other,
8798,"The Divine Comedy by Dante, Illustrated, Paradise, Volume 3",1321,94904,other,
8799,"The Divine Comedy by Dante, Illustrated, Paradise, Complete",1321,228062,other,
8800,The divine comedy,1321,656776,other,
9060,"The Public Orations of Demosthenes, volume 1",-322,492982,other,
9061,"The Public Orations of Demosthenes, volume 2",-322,395971,other,
9074,Stories from Thucydides,-395,402398,other,
9090,Germania and Agricola,117,436532,other,
9175,"The Art of Poetry: an Epistle to the Pisos
Q. Horatii Flacci Epistola Ad Pisones, De Arte Poetica.",-8,236417,other,
9371,The Praise of Folly,1536,225938,other,
9610,"The Elegies of Tibullus
Being the Consolations of a Roman Lover Done in English Verse",-19,115569,other,
9776,"Cicero's Brutus or History of Famous Orators; also His Orator, or Accomplished Speaker.",-43,488541,other,
